date,dg1_run_hrs,dg2_run_hrs,dg3_run_hrs,dg4_run_hrs,dg5_run_hrs,dg6_run_hrs,dg7_run_hrs,dg8_run_hrs,dg9_run_hrs,dg1_standby_hrs,dg2_standby_hrs,dg3_standby_hrs,dg4_standby_hrs,dg5_standby_hrs,dg6_standby_hrs,dg7_standby_hrs,dg8_standby_hrs,dg9_standby_hrs,dg1_maint_hrs,dg2_maint_hrs,dg3_maint_hrs,dg4_maint_hrs,dg5_maint_hrs,dg6_maint_hrs,dg7_maint_hrs,dg8_maint_hrs,dg9_maint_hrs,dg1_breakdown_hrs,dg2_breakdown_hrs,dg3_breakdown_hrs,dg4_breakdown_hrs,dg5_breakdown_hrs,dg6_breakdown_hrs,dg7_breakdown_hrs,dg8_breakdown_hrs,dg9_breakdown_hrs,dg1_mw,dg2_mw,dg3_mw,dg4_mw,dg5_mw,dg6_mw,dg7_mw,dg8_mw,dg9_mw,dg1_gen_kwh,dg2_gen_kwh,dg3_gen_kwh,dg4_gen_kwh,dg5_gen_kwh,dg6_gen_kwh,dg7_gen_kwh,dg8_gen_kwh,dg9_gen_kwh,dg1_hfo_kg,dg2_hfo_kg,dg3_hfo_kg,dg4_hfo_kg,dg5_hfo_kg,dg6_hfo_kg,dg7_hfo_kg,dg8_hfo_kg,dg9_hfo_kg,dg1_lo_ltr,dg2_lo_ltr,dg3_lo_ltr,dg4_lo_ltr,dg5_lo_ltr,dg6_lo_ltr,dg7_lo_ltr,dg8_lo_ltr,dg9_lo_ltr,dg1_lo_gross_ltr,dg2_lo_gross_ltr,dg3_lo_gross_ltr,dg4_lo_gross_ltr,dg5_lo_gross_ltr,dg6_lo_gross_ltr,dg7_lo_gross_ltr,dg8_lo_gross_ltr,dg9_lo_gross_ltr,dg1_lo_sweet_ltr,dg2_lo_sweet_ltr,dg3_lo_sweet_ltr,dg4_lo_sweet_ltr,dg5_lo_sweet_ltr,dg6_lo_sweet_ltr,dg7_lo_sweet_ltr,dg8_lo_sweet_ltr,dg9_lo_sweet_ltr,dg1_pro_data,dg2_pro_data,dg3_pro_data,dg4_pro_data,dg5_pro_data,dg6_pro_data,dg7_pro_data,dg8_pro_data,dg9_pro_data,dg1_hr_meter_open,dg1_hr_meter_close,dg2_hr_meter_open,dg2_hr_meter_close,dg3_hr_meter_open,dg3_hr_meter_close,dg4_hr_meter_open,dg4_hr_meter_close,dg5_hr_meter_open,dg5_hr_meter_close,dg6_hr_meter_open,dg6_hr_meter_close,dg7_hr_meter_open,dg7_hr_meter_close,dg8_hr_meter_open,dg8_hr_meter_close,dg9_hr_meter_open,dg9_hr_meter_close,gross_gen_kwh,aux_kwh,net_gen_kwh,trans_loss_kwh,trans_loss_pct,export_kwh,aux_baa901_kwh,aux_baa903_kwh,aux_baa906_kwh,total_hfo_kg,total_lfo_kg,total_fuel_kg,sfc_g_kwh,total_lo_topup_ltr,lo_gross_topup_ltr,lo_sweetening_ltr,lo_stock_ltr,used_lo_pct,tankers_tank1,tankers_tank2,tankers_tank3,tankers_tank4,tankers_tank5,tankers_total,hfo_tank1_m,hfo_tank2_m,hfo_tank3_m,hfo_tank4_m,hfo_tank5_m,day_tank1_m,buffer_tank1_m,day_tank2_kl,buffer_tank2_kl,lfo_tank_m,sludge_tank_pct,sludge_disposed_kg,used_lo_disposed_ltr,fresh_lo_received_ltr,bao901_kwh,bao902_kwh,bao903_kwh,bao904_kwh,bao905_kwh,bao906_kwh,bao907_kwh,bao909_kwh,bao910_kwh,bao901_init,bao902_init,bao903_init,bao904_init,bao905_init,bao906_init,bao907_init,bao909_init,bao910_init,comments,flags
2026-04-26,5.00,24.00,24.00,24.00,24.00,20.00,24.00,24.00,0,19.00,0,0,0,0,4.00,0,0,0,0,0,0,0,0,0,0,0,24.00,0,0,0,0,0,0,0,0,0,4.74,4.91,4.91,4.89,4.80,4.94,4.75,4.69,,23680,117824,117792,117312,115296,98880,114112,112448,0,5295,26510,26503,26006,24668,20532,24385,24466,0,0,60,0,60,120,60,0,0,0,0,60,300,60,120,60,300,300,0,0,0,300,0,0,0,300,300,0,,TRUE,TRUE,,,,,,,95458,95463,97136,97160,94091,94115,97167,97191,98003,98027,96483,96503,65197,65221,71948,71972,68669,68669,817344,37360,779984,-624,5,780608,12000,12800,12560,178366,0,178366,218.2,300,1200,900,20170,20,0,0,0,12,0,12,5.18,5.41,5.37,2.90,8.25,4.75,3.45,80,34,1.60,74,0,0,0,24300,14800,188500,274200,60200,0,39200,38512,140896,16317900,46222400,59550200,91928500,17763100,5131000,44947400,138865152,390520384,"DG#1,2,3,4,5,6,7,&8 available & DGs operated as per Cement Plant load requirement;Fuel Oil Consumption of DG#2 & DG#3 calculated on Pro Data basis (225 Gms/kWh) as MFMs not in operation;HFO Storage Tank#1 stock to be maintained at min 50%;Procurement of urgent Mech & Elect spares & tools needs to be made asap;LO stock Shell Argina S4-40 to be maintained adequately;Injector nozzle replacement for DG#1,2,4,5,&6 is overdue;Frequent DP alarms Line 1 & Line 2 feeder units urgent candle filter procurement;DG#9 under maintenance TC surging needs turbocharger & Governor overhauling","RED:Trans loss negative(-624kWh/5%)-meter calibration fault;YLW:DG2 & DG3 fuel on Pro Data basis (MFMs non-functional);YLW:DG9 under maintenance-TC surging-overhaul pending;YLW:Injector nozzle replacement overdue DG1,DG2,DG4,DG5,DG6;YLW:DP alarms Line-1 & Line-2 feeders - candle filters required;GRN:SFC excellent(218.2 g/kWh-well below 225 target);RED:Tank4 critically low(2.90m=29%)-below 30% threshold;YLW:Sludge tank elevated(74%)-disposal needed;YLW:Tank1 below 50% minimum(5.18m=52%)-borderline;YLW:BAO906 Colony2 zero export;YLW:DG3 LO sweetening 300L;YLW:DG7 LO sweetening 300L;YLW:DG8 LO sweetening 300L"
2026-04-27,7.00,24.00,24.00,20.00,19.00,24.00,21.00,24.00,0.00,17.00,0.00,0.00,4.00,5.00,0.00,3.00,0.00,0.00,0,0,0,0,0,0,0,0,24.00,0,0,0,0,0,0,0,0,0,4.70,4.39,4.39,4.57,4.64,4.39,4.21,4.19,,32928,105312,105280,91360,88128,105344,88320,100640,0,7529,23695,23688,20540,19532,22055,19288,22222,0,0,60,60,60,60,60,60,60,0,0,60,60,60,60,60,60,60,0,0,0,0,0,0,0,0,0,0,,TRUE,TRUE,,,,,,,95463,95470,97160,97184,94115,94139,97191,97211,98027,98046,96503,96527,65221,65242,71972,71996,68669,68669,717312,34488,682824,-948,5,683772,11400,11500,11588,158549,0,158549,221.0,420,420,0,18250,20,0,0,0,15,0,15,4.75,4.87,4.80,3.20,8.25,4.75,3.45,80,33,1.60,35,21000,0,0,22600,14600,157400,232400,57500,0,46200,37904,115168,16342200,46237200,59738700,92202700,17823300,5131000,44986600,138903664,390661280,"""DG1,2,3,4,5,6,7,8 available operated as per cement plant load; DG2&DG3 fuel on Pro Data basis 225 g/kWh MFMs not operational; HFO Tank1 maintain min 50%; Procurement urgent mech elect spares; LO stock Argina S4-40 maintain adequately; Injector nozzle replacement DG1,2,4,5,6 overdue urgent procurement; DP alarms Line1 Line2 feeders urgent candle filter procurement; DG9 under maintenance turbocharger surging needs TC governor overhauling; Sludge disposed 21000 kg""","RED:Negative trans loss meter fault;YLW:DG2 DG3 fuel Pro Data basis MFM fault;YLW:DG9 TC surging maint ongoing;YLW:Injector nozzle overdue DG1,2,4,5,6;YLW:DP alarms L1 L2 feeders candle filters needed;YLW:SFC below target 221.1 g/kWh OK"
2026-04-28,7,24,15,21,7,23,24,24,0,17,0,9,3,17,1,0,0,0,0,0,0,0,0,0,0,0,24,0,0,0,0,0,0,0,0,0,4.21,4.29,4.39,4.14,4.13,4.25,4.16,4.1,,29472,103040,65920,86880,28896,97856,99744,98432,0,6619,23184,14832,19618,6364,20544,21645,21742,0,0,0,60,0,60,0,60,60,0,0,300,60,300,60,300,60,60,0,0,300,0,300,0,300,0,0,0,,TRUE,TRUE,,,,,,,95470,95477,97184,97208,94139,94154,97211,97232,98046,98053,96527,96550,65242,65266,71996,72020,68669,68669,610240,30180,580060,-280,5,580340,9500,9100,11580,134548,0,134548,220.5,240,1140,900,17110,24,0,27,0,7,0,34,4.35,5.19,5.09,3.55,8.25,4.75,3.45,80,32,1.6,38,0,0,0,20700,13900,130700,265400,60200,0,46400,16544,26496,16364800,46251800,59896100,92435100,17880800,5131000,45032800,138941568,390776448,"DG#1,2,3,4,5,6,7,&8 available & DGs operated as per Cement Plant load requirement;Fuel Oil Consumption of DG#2 & DG#3 calculated on Pro Data basis (225 Gms/kWh) as MFMs not in operation;HFO Storage Tank#1 stock to be maintained at min 50%;Procurement of urgent Mech & Elect spares & tools needs to be made asap;LO stock Shell Argina S4-40 to be maintained adequately;Injector nozzle replacement for DG#1,2,4,5,&6 is overdue;Frequent DP alarms Line 1 & Line 2 feeder units urgent candle filter procurement;DG#9 under maintenance TC surging needs turbocharger & Governor overhauling","RED:Trans loss negative(-280kWh/5%)-meter calibration fault;YLW:DG2 & DG3 fuel on Pro Data basis (MFMs non-functional);YLW:DG9 under maintenance-TC surging-overhaul pending;YLW:Injector nozzle replacement overdue DG1,DG2,DG4,DG5,DG6;YLW:DP alarms Line-1 & Line-2 feeders - candle filters required;GRN:SFC below target(220.5 g/kWh);YLW:Tank1 below 50% minimum(4.35m=43%);YLW:Tank4 low(3.55m=36%)-approaching 30% threshold;YLW:Tank2/Tank3 level discrepancy(5.19 vs 5.09=0.10m>0.10m tolerance)-gauge fault;GRN:27 tankers received Tank2-Line1 Kiln stock replenished;GRN:7 tankers received Tank4-Line2 Kiln stock boosted"
2026-04-29,0,24,8,19,12,24,23,24,0,24,0,16,5,12,0,1,0,0,0,0,0,0,0,0,0,0,24,0,0,0,0,0,0,0,0,0,,4.17,3.84,3.94,4.27,4.17,3.96,3.87,,0,99968,30720,74944,51232,100000,91104,92928,0,0,22493,6912,17078,11360,20990,19971,20788,0,0,120,0,120,0,120,60,60,0,0,120,0,120,0,120,60,60,0,0,0,0,0,0,0,0,0,0,,TRUE,TRUE,,,,,,,95477,95477,97208,97232,94154,94162,97232,97251,98053,98065,96550,96574,65266,65289,72020,72044,68669,68669,540896,30724,510172,-560,6,510732,10100,9100,11524,119592,0,119592,221.1,480,480,0,16630,24,0,26,0,0,0,26,4.02,5.52,5.44,3.25,8.25,4.75,3.45,80,31,1.6,41,0,0,0,24800,14300,28200,274300,61400,0,5700,30992,71040,16385500,46265700,60026800,92700500,17941000,5131000,45079200,138958112,390802944,"DG# 1,2,3,4,5,6,7,& 8 are available & DGs are operated as per the Cement Plant load requirement;Fuel Oil Consumption of DG#2 & DG#3 calculated on Pro Data basis (225 Gms/kWh) as Mass Flow Meters are not In operation;HFO Storage Tank #1 stock to be maintained at min 50%;Procurement of requested urgent Mech & Elect spares & tools needs to be made asap;The lubricating oil stock Shell Argina S4-40 for engines should be maintained adequately;Injector nozzle replacement for DG#1,2,4,5,&6 is overdue; requires urgent procurement;Frequent DP alarms are occuring in Line 1 and Line 2 feeder units; urgent procurement of new candle filters is required;DG#9- under maintenance due to turbocharger surging. Need turbocharger & Governor overhauling","RED:Trans loss negative(-560kWh/6%)-meter calibration fault;YLW:DG2 & DG3 fuel on Pro Data basis (MFMs non-functional);YLW:DG9 under maintenance-TC surging-overhaul pending;YLW:Injector nozzle replacement overdue DG1,DG2,DG4,DG5,DG6;YLW:DP alarms Line-1 & Line-2 feeders - candle filters required;GRN:SFC below target(221.1 g/kWh);YLW:Tank1 below 50% minimum(4.02m=40%)-critical low;YLW:Tank4 low(3.25m=33%)-approaching 30% threshold;GRN:Sludge tank recovered(41%)-after disposal;YLW:BAO906 Colony2 zero export;GRN:26 tankers received Tank2-Line1 Kiln stock replenished"
2026-04-30,16.0,24.0,24.0,2.0,24.0,24.0,24.0,23.0,0.0,8.0,0.0,0.0,22.0,0.0,0.0,0.0,1.0,0.0,0,0,0,0,0,0,0,0,24.0,0,0,0,0,0,0,0,0,0,4.54,4.57,4.68,5.44,4.7,4.69,4.44,4.43,,72608,109728,112416,10880,112832,112512,106624,101920,0,16304,24689,25294,2500,24560,23334,22970,22344,0,0,120,0,0,120,120,0,0,0,0,120,300,0,120,120,300,300,0,0,0,300,0,0,0,300,300,0,,TRUE,TRUE,,,,,,,95477,95493,97232,97256,94162,94186,97251,97253,98065,98089,96574,96598,65289,65313,72044,72067,68669,68669,739520,34660,704860,-508,5,705368,12200,10300,12160,161994,0,161994,219.1,360,1260,900,15370,29,10,15,0,0,0,25,4.3,5.41,5.33,2.9,8.25,4.75,3.45,80,32,1.6,44,0,0,0,23800,14200,114400,273800,60800,0,31200,38560,148608,16410300,46280000,60055000,92974800,18002400,5131000,45084900,138989104,390873984,"""DG#1-8 operated per load; DG#2&3 fuel Pro Data basis; Tank#1 min 50%; Urgent spares procurement; LO stock maintain; Injector nozzle overdue DG#1,2,4,5,6; DP alarms L1&L2; DG#9 TC surging maint""",
2026-05-01,24.0,24.0,24.0,0.0,24.0,24.0,24.0,24.0,0.0,0.0,0.0,0.0,24.0,0.0,0.0,0.0,0.0,0.0,0,0,0,0,0,0,0,0,24.0,0,0,0,0,0,0,0,0,0,4.94,4.95,4.95,,4.95,4.95,4.79,4.73,,118592,118848,118752,0,118912,118880,115040,113600,0,26321,26741,26719,0,25692,24535,24539,24664,0,120,60,60,0,60,60,60,60,0,120,60,60,0,60,60,60,60,0,0,0,0,0,0,0,0,0,0,,TRUE,TRUE,,,,,,,95493,95517,97256,97280,94186,94210,97253,97253,98089,98113,96598,96622,65313,65337,72067,72091,68669,68669,822624,36552,786072,-616,4,786688,13500,10600,12452,179211,0,179211,217.9,480,480,0,14890,29,0,16,0,0,0,16,3.78,5.42,5.32,2.64,8.25,4.75,3.45,80,33,1.59,48,0,0,0,23500,14500,184600,274300,60200,0,39300,40336,149952,16434100,46294200,60169400,93248600,18063200,5131000,45116100,139027664,391022592,"""DG#1-8 operated per load; DG#2&3 fuel Pro Data basis; Tank#1 min 50%; Urgent spares procurement; LO stock maintain; Injector nozzle overdue DG#1,2,4,5,6; DP alarms L1&L2; DG#9 TC surging maint""",
2026-05-02,15.0,24.0,24.0,11.0,24.0,21.0,24.0,24.0,0.0,9.0,0.0,0.0,13.0,0.0,3.0,0.0,0.0,0.0,0,0,0,0,0,0,0,0,24.0,0,0,0,0,0,0,0,0,0,5.07,4.91,4.91,4.67,4.91,4.68,4.75,4.69,,76032,117824,117792,51392,117920,98272,114048,112672,0,16854,26510,26503,11396,25384,20266,24267,24396,0,60,120,60,60,60,60,60,60,0,60,120,60,60,60,60,60,60,0,0,0,0,0,0,0,0,0,0,,TRUE,TRUE,,,,,,,95517,95532,97280,97304,94210,94234,97253,97264,98113,98137,96622,96643,65337,65361,72091,72115,68669,68669,805952,34600,771352,104,4,771248,12100,10500,12000,175577,0,175577,217.9,540,540,0,14350,29,0,20,0,0,0,20,3.29,5.4,5.31,2.3,8.25,4.75,3.45,80,31,1.59,52,0,0,0,23000,14700,166100,275600,61600,0,43400,40448,146400,16457600,46308700,60354000,93522900,18123400,5131000,45155400,139068000,391172544,"""DG#1-8 operated per load; DG#2&3 fuel Pro Data basis; Tank#1 min 50%; Urgent spares procurement; LO stock maintain; Injector nozzle overdue DG#1,2,4,5,6; DP alarms L1&L2; DG#9 TC surging maint""",
2026-05-03,0.0,24.0,24.0,18.0,12.0,24.0,16.0,24.0,0.0,24.0,0.0,0.0,6.0,12.0,0.0,8.0,0.0,0.0,0,0,0,0,0,0,0,0,24.0,0,0,0,0,0,0,0,0,0,,4.43,4.43,4.34,4.61,4.43,4.2,4.23,,0,106272,106240,78144,55296,106336,67200,101472,0,0,23911,23904,17552,11974,22138,14618,22408,0,0,120,60,120,120,180,60,60,0,0,120,60,120,120,180,60,60,0,0,0,0,0,0,0,0,0,0,,TRUE,TRUE,,,,,,,95532,95532,97304,97328,94234,94258,97264,97282,98137,98149,96643,96667,65361,65377,72115,72139,68669,68669,620960,33332,587628,-548,5,588176,11000,10600,11732,136505,0,136505,219.8,720,720,0,13630,29,7,5,0,0,0,12,3.41,5.0,4.85,1.78,8.25,4.75,3.45,80,34,1.59,55,0,0,0,20000,15100,94500,176100,60800,0,31500,40224,149952,16480600,46323400,60520100,93798500,18185000,5131000,45198800,139108448,391318944,"""DG#1-8 operated per load; DG#2&3 fuel Pro Data basis; Tank#1 min 50%; Urgent spares procurement; LO stock maintain; Injector nozzle overdue DG#1,2,4,5,6; DP alarms L1&L2; DG#9 TC surging maint""",
2026-05-04,0.00,24.00,24.00,19.00,16.00,13.00,24.00,24.00,0.00,24.00,0.00,0.00,5.00,8.00,11.00,0.00,0.00,0.00,0,0,0,0,0,0,0,0,24.00,0,0,0,0,0,0,0,0,0,,4.45,4.45,4.57,4.34,4.53,4.31,4.25,,0,106880,106816,86752,69504,58880,103456,102112,0,0,24048,24034,19440,15154,12202,22259,22374,0,0,120,60,0,60,60,60,60,0,0,120,60,0,60,60,60,60,0,0,0,0,0,0,0,0,0,0,,TRUE,TRUE,,,,,,,95532,95532,97328,97352,94258,94282,97282,97301,98149,98165,96667,96680,65377,65401,72139,72163,68669,68669,634400,30936,603464,-896,5,604360,10900,8500,11536,139511,0,139511.0,219.9,420,420,0,13210,29,0,24,0,5,0,29,3.10,5.11,4.95,1.70,7.98,4.75,3.45,80,31,1.59,59,0,0,0,26600,14700,24400,275400,62400,0,2700,42032,156128,16500600,46338500,60614600,93974600,18245800,5131000,45230300,139148672,391468896,"DG#1,2,3,4,5,6,7,&8 available per cement plant load; DG#2 & DG#3 fuel on Pro Data basis (225 g/kWh) MFMs not operational; HFO Tank#1 stock min 50%; Urgent mech & elect spares procurement needed; Shell Argina S4-40 stock to be maintained; Injector nozzle replacement overdue DG#1,2,4,5,6; DP alarms Line 1 & Line 2 feeders - candle filters required; DG#9 under maintenance - TC surging - need TC & governor overhaul","RED:Negative trans loss (meter fault);YLW:DG2 & DG3 Pro Data basis;YLW:DG9 TC surging - maintenance;YLW:Injector nozzle overdue DG1,2,4,5,6;YLW:DP alarms L1 & L2 feeders;RED:Tank 1 below 50% (3.10m);YLW:Tank 4 critically low (1.70m);YLW:Tank 2/3 gauge discrepancy (0.16m diff)"
2026-05-05,13.0,7.0,24.0,24.0,20.0,7.0,24.0,24.0,0.0,11.0,17.0,0.0,0.0,4.0,17.0,0.0,0.0,0.0,0,0,0,0,0,0,0,0,24.0,0,0,0,0,0,0,0,0,0,4.54,4.34,4.50,4.48,4.59,4.76,4.36,4.31,,59040,30400,108096,107424,91840,33344,104640,103328,0,13214,6840,24322,23944,19860,6864,22440,22562,0,0,60,0,120,120,0,0,0,0,0,60,300,120,120,0,300,300,0,0,0,300,0,0,0,300,300,0,,TRUE,TRUE,,,,,,,95532,95545,97352,97359,94282,94306,97301,97325,98165,98185,96680,96687,65401,65425,72163,72187,68669,68669,638112,30608,607504,-360,5,607864,10200,8400,12008,140046,0,140046,219.5,300,1200,900,12010,35,8,11,0,0,0,19,3.40,4.70,4.65,1.75,7.45,4.75,3.45,80,33,1.59,63,0,0,0,23200,14200,96100,231500,58000,0,32800,40672,111392,16527200,46353200,60639000,94250000,18308200,5131000,45233000,139190704,391625024,"""DG1,2,3,4,5,6,7&8 available; operated as per plant load requirement;DG2&DG3 HFO on Pro Data basis (225 g/kWh) MFMs not operational;HFO Tank1 stock to be maintained at min 50%;Procurement of urgent Mech & Elect spares required;LO stock Shell Argina S4-40 to be maintained adequately;Injector nozzle replacement for DG1,2,4,5,6 overdue;Frequent DP alarms in L1 and L2 feeder units - urgent candle filter procurement required;DG9 under maintenance TC surging - TC & Governor overhaul required""","""GRN: 8 DGs running normally;YLW: DG2 & DG3 fuel on Pro Data basis (MFMs offline);YLW: DG9 on maintenance (TC surging);YLW: Injector nozzle overdue DG1,DG2,DG4,DG5,DG6;YLW: DP alarms L1 & L2 feeders;RED: Negative trans loss (-360 kWh) meter calibration fault;RED: Tank1 below 50% minimum (3.40m = 34%);RED: Tank4 critically low (1.75m = 17.5%);YLW: Sludge tank at 63% - approaching 70% disposal threshold;YLW: Tank2/Tank3 differential 0.05m within tolerance"""
2026-05-06,7.00,5.00,24.00,24.00,24.00,15.00,24.00,24.00,0.00,17.00,19.00,0.00,0.00,0.00,9.00,0.00,0.00,0.00,0,0,0,0,0,0,0,0,24.00,0,0,0,0,0,0,0,0,0,4.82,5.19,4.49,4.47,4.50,4.63,4.35,4.29,,33728,25952,107744,107296,107904,69472,104320,103040,0,7618,5839,24242,23924,23376,14226,22397,22500,0,60,0,120,60,60,120,60,120,0,60,0,120,60,60,120,60,120,0,0,0,0,0,0,0,0,0,0,,TRUE,TRUE,,,,,,,95545,95552,97359,97364,94306,94330,97325,97349,98185,98209,96687,96702,65425,65449,72187,72211,68669,68669,659456,30452,629004,-632,5,629636,9100,9300,12052,144123,0,144123,218.5,600,600,0,11410,35,7,11,0,0,0,18,3.57,4.50,4.43,1.97,6.90,4.75,3.45,80,32,1.59,68,0,0,0,21200,15500,97300,221400,60900,0,24200,39888,149248,16550400,46367400,60735100,94481500,18366200,5131000,45265800,139231376,391736416,"""DG#1,2,3,4,5,6,7,&8 available & DGs operated as per Cement Plant load requirement;Fuel Oil Consumption of DG#2 & DG#3 calculated on Pro Data basis (225 Gms/kWh) as MFMs not in operation;HFO Storage Tank#1 stock to be maintained at min 50%;Procurement of urgent Mech & Elect spares & tools asap;LO stock Shell Argina S4-40 to be maintained adequately;Injector nozzle replacement for DG#1,2,4,5,&6 overdue;Frequent DP alarms Line 1 & Line 2 feeder units urgent candle filter procurement;DG#9 under maintenance TC surging needs TC & Governor overhauling""","""RED:Trans loss negative(-632kWh/5%)-meter calibration fault;YLW:DG2 & DG3 fuel on Pro Data basis (MFMs non-functional);YLW:DG9 under maintenance-TC surging-overhaul pending;YLW:Injector nozzle replacement overdue DG1,DG2,DG4,DG5,DG6;YLW:DP alarms Line-1 & Line-2 feeders - candle filters required;GRN:SFC excellent(218.5 g/kWh-well below 225 target);RED:Tank1 critically low(3.57m=36%)-below 50% minimum;RED:Tank4 critically low(1.97m=20%)-below 30% threshold;YLW:Sludge tank elevated(68%)-approaching 70% disposal threshold;YLW:BAO906 Colony2 zero export;YLW:Tank2/Tank3 level discrepancy(4.50 vs 4.43=0.07m-within tolerance)"""
2026-05-07,8.00,24.00,24.00,24.00,24.00,16.00,24.00,24.00,0.00,16.00,0.00,0.00,0.00,0.00,8.00,0.00,0.00,0.00,0.00,0.00,0.00,0.00,0.00,0.00,0.00,0.00,24.00,0.00,0.00,0.00,0.00,0.00,0.00,0.00,0.00,0.00,4.78,5.02,5.02,5.01,5.03,5.18,4.86,4.80,,38208,120576,120512,120192,120672,82848,116672,115264,0,8531,27130,27115,26406,25792,16920,24719,24828,0,60,120,60,60,60,120,60,60,0,60,120,60,60,60,120,60,60,0,0,0,0,0,0,0,0,0,0,,TRUE,TRUE,,,,,,,95552,95560,97364,97388,94330,94354,97349,97373,98209,98233,96702,96718,65449,65473,72211,72235,68669,68669,834944,35860,799084,-660,4,799744,12200,10700,12960,181441,0,181441,217.3,600,600,0,10810,35,7,17,0,0,0,24,3.55,4.59,4.53,2.20,6.15,4.75,3.45,80,34,1.59,72,0,0,0,22000,16000,187100,282400,60400,0,40500,40400,150944,16571600,46382900,60832400,94702900,18427100,5131000,45290000,139271264,391885664,"""DG#1,2,3,4,5,6,7,&8 available & DGs operated as per Cement Plant load requirement; DG#2 & DG#3 fuel on Pro Data basis (225 Gms/kWh) MFMs not in operation; HFO Tank#1 min 50%; Procurement urgent Mech & Elect spares; LO stock Shell Argina S4-40 maintain adequately; Injector nozzle replacement DG#1,2,4,5,6 overdue; DP alarms Line 1 & Line 2 feeders urgent candle filter procurement; DG#9 under maintenance TC surging turbocharger & Governor overhauling""","""RED:Trans loss negative(-660kWh/4%)-meter calibration fault;YLW:DG2 & DG3 fuel on Pro Data basis (MFMs non-functional);YLW:DG9 under maintenance-TC surging-overhaul pending;YLW:Injector nozzle replacement overdue DG1,DG2,DG4,DG5,DG6;YLW:DP alarms Line-1 & Line-2 feeders - candle filters required;GRN:SFC excellent(217.3 g/kWh);RED:Tank1 critically low(3.55m=36%)-below 50% minimum;RED:Tank4 critically low(2.20m=22%)-below 30% threshold;YLW:Sludge tank elevated(72%)-approaching disposal threshold;YLW:BAO906 Colony2 zero export;YLW:Tank2/Tank3 differential(4.59 vs 4.53=0.06m-within tolerance)"""
2026-05-08,24.00,24.00,24.00,24.00,24.00,0.00,24.00,24.00,0.00,0.00,0.00,0.00,0.00,0.00,24.00,0.00,0.00,0.00,0.00,0.00,0.00,0.00,0.00,0.00,0.00,0.00,24.00,0.00,0.00,0.00,0.00,0.00,0.00,0.00,0.00,0.00,4.64,4.65,4.65,4.65,4.66,,4.50,4.44,,111424,111648,111616,111552,111744,0,108096,106656,0,24900,25121,25114,24810,24220,0,23166,23236,0,60,60,60,0,0,0,60,120,0,60,60,60,300,300,0,60,120,0,0,0,0,300,300,0,0,0,0,,TRUE,TRUE,,,,,,,95560,95584,97388,97412,94354,94378,97373,97397,98233,98257,96718,96718,65473,65497,72235,72259,68669,68669,772736,37572,735164,-440,5,735604,14600,10000,12972,170566,0,170566,220.7,360,960,600,9850,38,0,17,0,0,0,17,3.10,4.55,4.45,2.60,5.42,4.75,3.45,80,32,1.59,75,0,0,0,24400,15800,185500,222800,59800,0,41000,40512,145792,16593600,46398900,61019500,94985300,18487500,5131000,45330500,139311664,392036608,"""DG#1,2,3,4,5,7,8 running; DG#6 standby; DG#9 maintenance; DG#2 & DG#3 fuel on Pro Data basis (225 Gms/kWh) MFMs not in operation; HFO Tank#1 min 50%; Urgent Mech & Elect spares procurement; LO stock Shell Argina S4-40 maintain; Injector nozzle replacement DG#1,2,4,5,6 overdue; DP alarms Line 1 & Line 2 feeders candle filters required; DG#9 TC surging turbocharger & Governor overhauling""","""RED:Trans loss negative(-440kWh/5%)-meter calibration fault;YLW:DG2 & DG3 fuel on Pro Data basis (MFMs non-functional);YLW:DG9 under maintenance-TC surging-overhaul pending;YLW:Injector nozzle replacement overdue DG1,DG2,DG4,DG5,DG6;YLW:DP alarms Line-1 & Line-2 feeders - candle filters required;GRN:SFC excellent(220.7 g/kWh);RED:Tank1 critically low(3.10m=31%)-below 50% minimum;RED:Tank4 low(2.60m=26%)-below 30% threshold;RED:Sludge tank elevated(75%)-exceeds 70% disposal threshold;YLW:BAO906 Colony2 zero export;YLW:DG4 LO sweetening 300L;YLW:DG5 LO sweetening 300L;YLW:Tank2/Tank3 differential(4.55 vs 4.45=0.10m-at tolerance boundary)"""
2026-05-09,24.00,24.00,24.00,23.00,24.00,3.00,22.00,24.00,0.00,0.00,0.00,0.00,1.00,0.00,21.00,2.00,0.00,0.00,0.00,0.00,0.00,0.00,0.00,0.00,0.00,0.00,24.00,0.00,0.00,0.00,0.00,0.00,0.00,0.00,0.00,0.00,5.01,5.02,5.02,4.96,5.03,3.52,4.91,4.80,,120288,120544,120480,113984,120640,10560,107936,115232,0,26555,27122,27108,25144,25844,2201,22967,24880,0,60,60,0,60,60,60,0,60,0,60,60,300,60,60,60,300,60,0,0,0,300,0,0,0,300,0,0,,TRUE,TRUE,,,,,,,95584,95608,97412,97436,94378,94402,97397,97420,98257,98281,96718,96721,65497,65519,72259,72283,68669,68669,829664,38596,791068,-232,5,791300,14800,10400,13396,181821,0,181821,219.2,360,960,600,8890,42,0,9,0,0,0,9,2.58,4.20,4.12,2.89,4.75,4.75,3.45,80,33,1.59,45,21800,0,0,24300,16200,167500,283000,60700,0,47600,40064,151936,16618000,46414700,61205000,95208100,18547300,5131000,45371500,139352176,392182400,"""DG#1,2,3,4,5,6,7,8 available & DGs operated as per Cement Plant load requirement; DG#2 & DG#3 fuel on Pro Data basis (225 Gms/kWh) MFMs not in operation; HFO Tank#1 min 50%; Urgent Mech & Elect spares procurement; LO stock Shell Argina S4-40 maintain; Injector nozzle replacement DG#1,2,4,5,6 overdue; DP alarms Line 1 & Line 2 feeders candle filters required; DG#9 TC surging turbocharger & Governor overhauling; Sludge disposed 21800 KG""","""RED:Trans loss negative(-232kWh/5%)-meter calibration fault;YLW:DG2 & DG3 fuel on Pro Data basis (MFMs non-functional);YLW:DG9 under maintenance-TC surging-overhaul pending;YLW:Injector nozzle replacement overdue DG1,DG2,DG4,DG5,DG6;YLW:DP alarms Line-1 & Line-2 feeders - candle filters required;GRN:SFC excellent(219.2 g/kWh);RED:Tank1 critically low(2.58m=26%)-below 50% minimum;YLW:Tank4(2.89m=29%)-below 30% threshold;GRN:Sludge tank recovered(45%)-after 21800kg disposal;YLW:BAO906 Colony2 zero export;YLW:DG3 LO sweetening 300L;YLW:DG7 LO sweetening 300L;YLW:Tank2/Tank3 differential(4.20 vs 4.12=0.08m-within tolerance)"""
2026-05-10,20,24,24,24,12,16,24,24,0,4,0,0,0,12,8,0,0,0,0,0,0,0,0,0,0,0,24,0,0,0,0,0,0,0,0,0,4.73,4.77,4.76,4.76,4.66,4.56,4.52,4.49,,94592,114368,114336,114240,55968,72992,108416,107840,0,21068,25733,25726,25380,12092,15156,23322,23556,0,0,0,60,60,60,0,60,0,0,300,300,60,60,60,0,60,300,0,300,300,0,0,0,0,0,300,0,,TRUE,TRUE,,,,,,,95608,95628,97436,97460,94402,94426,97420,97444,98281,98293,96721,96737,65519,65543,72283,72307,68669,68669,782752,39160,743592,-360,5,743952,14600,10600,13960,172032,0,172032,219.8,240,1140,900,7750,46,20,0,0,0,0,20,3.7,3.4,3.45,3.15,4.05,4.75,3.45,80,32,1.59,48,0,0,0,23100,17300,145900,250900,61700,0,55900,40192,148960,16642300,46430900,61372500,95491100,18608000,5131000,45419100,139392240,392334336,"""DG#1,2,3,4,5,6,7,&8 available & DGs operated as per Cement Plant load requirement; DG#2 & DG#3 fuel on Pro Data basis (225 Gms/kWh) MFMs not in operation; HFO Tank#1 min 50%; Procurement urgent Mech & Elect spares; LO stock Shell Argina S4-40 maintain; Injector nozzle replacement DG#1,2,4,5,6 overdue; DP alarms Line 1 & Line 2 feeders candle filters required; DG#9 TC surging turbocharger & Governor overhauling""","""RED:Trans loss negative(-360kWh/5%)-meter calibration fault;YLW:DG2 & DG3 fuel on Pro Data basis (MFMs non-functional);YLW:DG9 under maintenance-TC surging-overhaul pending;YLW:Injector nozzle replacement overdue DG1,DG2,DG4,DG5,DG6;YLW:DP alarms Line-1 & Line-2 feeders - candle filters required;GRN:SFC excellent(219.8 g/kWh-well below 225 target);RED:Tank1 critically low(3.70m=37%)-below 50% minimum;YLW:Tank4 low(3.15m=32%)-below 30% threshold;GRN:Sludge tank recovered(48%)-after prior disposal;YLW:BAO906 Colony2 zero export;YLW:DG1 LO sweetening 300L;YLW:DG2 LO sweetening 300L;YLW:DG8 LO sweetening 300L;YLW:Tank2/Tank3 differential(3.40 vs 3.45=0.05m-within tolerance)"""
2026-05-11,24.0,24.0,19.0,24.0,10.0,24.0,20.0,24.0,0.0,0.0,0.0,5.0,0.0,14.0,0.0,4.0,0.0,0.0,0.0,0.0,0.0,0.0,0.0,0.0,0.0,0.0,24.0,0.0,0.0,0.0,0.0,0.0,0.0,0.0,0.0,0.0,4.84,4.85,4.93,4.85,4.98,4.85,4.58,4.63,,116224,116480,93664,116480,49824,116448,91520,111232,0,25840,26208,21074,25812,10828,24014,19674,24152,0,0,120,60,120,60,0,60,60,0,0,120,60,120,60,0,60,60,0,0,0,0,0,0,0,0,0,0,,TRUE,TRUE,,,,,,,95628,95652,97460,97484,94426,94445,97444,97468,98293,98303,96737,96761,65543,65563,72307,72331,68669,68669,811872,38708,773164,-932,5,774096,14400,10900,13408,177602,0,177602,218.8,480,480,0,7270,46,0,21,0,0,0,21,3.2,3.55,3.45,3.42,3.4,4.75,3.45,80,33,1.59,51,0,0,0,23200,17900,190600,255800,61900,0,40600,41440,142656,16665400,46448200,61518400,95742000,18669700,5131000,45475000,139432432,392483296,"""DG#1,2,3,4,5,6,7,&8 available & DGs operated as per Cement Plant load requirement; DG#2 & DG#3 fuel on Pro Data basis (225 Gms/kWh) MFMs not in operation; HFO Tank#1 min 50%; Procurement urgent Mech & Elect spares; LO stock Shell Argina S4-40 maintain; Injector nozzle replacement DG#1,2,4,5,6 overdue; DP alarms Line 1 & Line 2 feeders candle filters required; DG#9 TC surging turbocharger & Governor overhauling""","""RED:Trans loss negative(-932kWh/5%)-meter calibration fault;YLW:DG2 & DG3 fuel on Pro Data basis (MFMs non-functional);YLW:DG9 under maintenance-TC surging-overhaul pending;YLW:Injector nozzle replacement overdue DG1,DG2,DG4,DG5,DG6;YLW:DP alarms Line-1 & Line-2 feeders - candle filters required;GRN:SFC excellent(219.0 g/kWh-well below 225 target);RED:Tank1 critically low(3.20m=32%)-below 50% minimum;YLW:Tank4 low(3.42m=34%)-approaching 30% threshold;YLW:Tank2/Tank3 differential(3.55 vs 3.45=0.10m-at tolerance boundary);YLW:BAO906 Colony2 zero export;YLW:Sludge tank elevated(51%)-monitor"""
2026-05-12,22.0,24.0,23.0,24.0,22.0,20.0,10.0,24.0,0.0,2.0,0.0,1.0,0.0,2.0,4.0,14.0,0.0,0.0,0,0,0,0,0,0,0,0,24.0,0,0,0,0,0,0,0,0,0,4.4,4.3,4.23,4.31,4.4,4.56,3.41,4.11,,96896,103296,97376,103488,96896,91168,34080,98624,0,21920,23242,21910,23356,21132,18950,7741,21786,0,60,120,60,120,180,180,60,120,0,60,120,60,120,180,180,60,120,0,0,0,0,0,0,0,0,0,0,,TRUE,TRUE,,,,,,,95652,95674,97484,97508,94445,94468,97468,97492,98303,98325,96761,96781,65563,65573,72331,72355,68669,68669,721824,37372,684452,-788,5,685240,13800,11600,11972,160036,0,160036,221.7,900,900,0,26370,100,7,18,0,0,0,25,3.38,3.65,3.67,3.65,2.78,4.75,3.45,80,33,1.59,54,0,0,20000,21500,17200,124000,247300,60600,0,31600,39264,143776,16688600,46466100,61709000,95997800,18731600,5131000,45515600,139473872,392625952,"DG#1,2,3,4,5,6,7,&8 are available & DGs are operated as per the Cement Plant load requirement;Fuel Oil Consumption of DG#2 & DG#3 calculated on Pro Data basis (225 Gms/kWh) as MFMs not in operation;HFO Storage Tank#1 stock to be maintained at min 50%;Procurement of urgent Mech & Elect spares & tools asap;LO stock Shell Argina S4-40 to be maintained adequately;Injector nozzle replacement for DG#1,2,4,5,&6 overdue - urgent procurement;Frequent DP alarms Line 1 & Line 2 feeder units - urgent candle filter procurement;DG#9 under maintenance TC surging - turbocharger & Governor overhauling;Fresh LO received 20000 Ltr","RED:Trans loss negative(-788kWh/5%)-meter calibration fault;YLW:DG2 & DG3 fuel on Pro Data basis (MFMs non-functional);YLW:DG9 under maintenance-TC surging-overhaul pending;YLW:Injector nozzle replacement overdue DG1,DG2,DG4,DG5,DG6;YLW:DP alarms Line-1 & Line-2 feeders - candle filters required;GRN:SFC excellent(221.9 g/kWh-well below 225 target);RED:Tank1 critically low(3.38m=34%)-below 50% minimum;YLW:Tank4 low(3.65m=37%)-approaching 30% threshold;RED:Used LO tank at 100%-urgent disposal required;YLW:Sludge tank at 54%-monitor;GRN:Fresh LO received 20000 Ltr-stock replenished(26370L);GRN:25 tankers received(7 Tank1, 18 Tank2)-stock boosted"
2026-05-13,19.0,24.0,24.0,22.0,9.0,0.0,24.0,17.0,0.0,5.0,0.0,0.0,2.0,15.0,24.0,0.0,7.0,0.0,0.0,0.0,0.0,0.0,0.0,0.0,0.0,0.0,24.0,0.0,0.0,0.0,0.0,0.0,0.0,0.0,0.0,0.0,4.53,4.38,4.38,4.38,4.39,,4.25,4.06,,86016,105152,105120,96288,39488,0,101888,68960,0,19441,23659,23652,21580,8648,0,22039,15256,0,60,120,60,60,0,0,60,60,0,60.0,120.0,60.0,60.0,0.0,0.0,60.0,60.0,0.0,0.0,0.0,0.0,0.0,0.0,0.0,0.0,0.0,0.0,,TRUE,TRUE,,,,,,,95674,95693,97508,97532,94468,94492,97492,97514,98325,98334,96781,96781,65573,65597,72355,72372,68669,68669,602912,35000,567912,-408,6,568320,14400,8300,12300,134275,0,134275.0,222.7,420,420,0,25950,100,10,11,0,0,0,21,3.87,3.35,3.35,3.9,2.15,4.75,3.45,80,32,1.59,57.0,0.0,0,0.0,22600,18000,35600,239400,58800,0,5600,39296,149024,16710100,46483300,61833000,96245100,18792200,5131000,45547200,139513136,392769728,"DG#1,2,3,4,5,6,7,&8 available & operated as per cement plant load requirement; Fuel Oil Consumption of DG#2 & DG#3 calculated on Pro Data basis (225 Gms/kWh) as Mass Flow Meters not in operation; HFO Storage Tank #1 stock to be maintained at min 50%; Procurement of urgent Mech & Elect spares & tools needed asap; LO stock Shell Argina S4-40 should be maintained adequately; Injector nozzle replacement for DG#1,2,4,5,&6 overdue - urgent procurement required; Frequent DP alarms in Line 1 and Line 2 feeder units - urgent procurement of new candle filters required; DG#9 under maintenance due to turbocharger surging - need turbocharger & Governor overhauling","RED:Negative trans loss (-408 kWh) - meter calibration fault;YLW:DG2 fuel on Pro Data basis (MFM offline);YLW:DG3 fuel on Pro Data basis (MFM offline);YLW:DG9 on maintenance - TC surging overhaul pending;YLW:Injector nozzle replacement overdue DG1,DG2,DG4,DG5,DG6;YLW:DP alarms Line-1 & Line-2 feeders - candle filter procurement pending;RED:Used LO tank at 100% - immediate disposal required;YLW:Tank1 at 38.7% - below 50% minimum threshold;YLW:Tank5 at 21.5% - monitor closely"
2026-05-14,20.0,13.0,24.0,24.0,24.0,22.0,20.0,24.0,0.0,4.0,11.0,0.0,0.0,0.0,2.0,4.0,0.0,0.0,0.0,0.0,0.0,0.0,0.0,0.0,0.0,0.0,24.0,0.0,0.0,0.0,0.0,0.0,0.0,0.0,0.0,0.0,4.56,4.63,4.69,4.7,4.56,4.66,4.53,4.48,,91200,60224,112512,112768,109440,102528,90656,107552,0,20549,13550,25315,25064,23668,21235,19476,23434,0,0,60,0,60,60,60,0,60,0,300,60,300,60,60,60,300,60,0,300,0,300,0,0,0,300,0,0,,TRUE,TRUE,,,,,,,95693,95713,97532,97545,94492,94516,97514,97538,98334,98358,96781,96803,65597,65617,72372,72396,68669,68669,786880,36528,750352,-772,5,751124,12400,11300,12828,172292,0,172292,219.0,300,1200,900,24750,51,7,16,0,0,0,23,4.01,3.38,3.33,4.03,1.6,4.75,3.45,80,31,1.59,60,0,0,0,23600,17600,136900,270100,63900,0,49600,40208,149216,16732700,46501300,61868600,96484500,18851000,5131000,45552800,139552432,392918752,"""DG# 1,2,3,4,5,6,7,& 8 are available & DGs are operated as per the Cement Plant load requirement; Fuel Oil Consumption of DG#2 & DG#3 calculated on Pro Data basis (225 Gms/kWh) as Mass Flow Meters are not In operation; HFO Storage Tank #1 stock to be maintained at min 50%; Procurement of requested urgent Mech & Elect spares & tools needs to be made asap; The lubricating oil stock Shell Argina S4-40 for engines should be maintained adequately; Injector nozzle replacement for DG#1,2,4,5,&6 is overdue; requires urgent procurement; Frequent DP alarms are occuring in Line 1 and Line 2 feeder units; urgent procurement of new candle filters is required; DG#9- under maintenance due to turbocharger surging. Need turbocharger & Governor overhauling""","""RED:Trans loss negative(-772kWh/5%)-meter calibration fault;YLW:DG2 & DG3 fuel on Pro Data basis (MFMs non-functional);YLW:DG9 under maintenance-TC surging-overhaul pending;YLW:Injector nozzle replacement overdue DG1,DG2,DG4,DG5,DG6;YLW:DP alarms Line-1 & Line-2 feeders - candle filters required;GRN:SFC excellent(219.0 g/kWh-well below 225 target);YLW:Tank1 below 50% minimum(4.01m=40%);YLW:Tank4 low(4.03m=40%);YLW:Tank5 critically low(1.60m=16%);YLW:Tank2/Tank3 differential(3.38 vs 3.33=0.05m-within tolerance);YLW:Sludge tank at 60%-approaching 70% disposal threshold;YLW:Used LO tank at 51%;YLW:DG1 LO sweetening 300L;YLW:DG3 LO sweetening 300L;YLW:DG7 LO sweetening 300L"""
2026-05-15,24.00,23.00,24.00,24.00,19.00,4.00,24.00,24.00,0.00,0.00,1.00,0.00,0.00,5.00,20.00,0.00,0.00,0.00,0,0,0,0,0,0,0,0,24.00,0,0,0,0,0,0,0,0,0,4.77,4.85,4.78,4.79,5.02,4.26,4.63,4.57,,114560,111616,114720,114976,95456,17024,111136,109664,0,25531,25114,25812,25490,20574,3524,23741,23846,0,60,60,60,0,60,60,120,0,0,60,60,60,300,60,60,120,300,0,0,0,0,300,0,0,0,300,0,,TRUE,TRUE,,,,,,,95713,95737,97545,97568,94516,94540,97538,97562,98358,98377,96803,96807,65617,65641,72396,72420,68669,68669,789152,36404,752748,-728,5,753476,14200,9300,12904,173632,0,173632,220.0,420,1020,600,23730,66,0,24,0,0,0,24,3.51,3.52,3.52,4.08,1.10,4.75,3.45,80,32,1.58,66,0,0,0,22000,17300,154800,279500,63600,0,36500,40832,138944,16756300,46518900,62005500,96754600,18914900,5131000,45602400,139592640,393067968,"""DG# 1,2,3,4,5,6,7,& 8 are available & DGs are operated as per the Cement Plant load requirement; Fuel Oil Consumption of DG#2 & DG#3 calculated on Pro Data basis (225 Gms/kWh) as Mass Flow Meters are not In operation; HFO Storage Tank #1 stock to be maintained at min 50%; Procurement of requested urgent Mech & Elect spares & tools needs to be made asap; The lubricating oil stock Shell Argina S4-40 for engines should be maintained adequately; Injector nozzle replacement for DG#1,2,4,5,&6 is overdue; Frequent DP alarms Line 1 and Line 2 feeder units - candle filters required; DG#9 under maintenance TC surging - turbocharger & Governor overhauling""","""RED:Trans loss negative(-728kWh/5%)-meter calibration fault;YLW:DG2 & DG3 fuel on Pro Data basis (MFMs non-functional);YLW:DG9 under maintenance-TC surging-overhaul pending;YLW:Injector nozzle replacement overdue DG1,DG2,DG4,DG5,DG6;YLW:DP alarms Line-1 & Line-2 feeders - candle filters required;GRN:SFC excellent(220.0 g/kWh-well below 225 target);RED:Tank1 critically low(3.51m=35%)-below 50% minimum;YLW:Tank4 low(4.08m=41%);YLW:Tank5 critically low(1.10m=11%);YLW:Sludge tank at 66%-approaching 70% disposal threshold;YLW:DG4 LO sweetening 300L;YLW:DG8 LO sweetening 300L;YLW:Tank2/Tank3 differential(3.52 vs 3.52=0.00m-within tolerance)"""
2026-05-16,24.00,14.00,24.00,24.00,20.00,16.00,24.00,24.00,0.00,0.00,10.00,0.00,0.00,4.00,8.00,0.00,0.00,0.00,0,0,0,0,0,0,0,0,24.00,0,0,0,0,0,0,0,0,0,5.01,4.59,5.02,5.03,4.95,5.05,4.86,4.80,,120256,64192,120480,120704,98912,80832,116576,115264,0,26509,14443,27108,26486,21056,16568,24639,24824,0,0,0,0,60,0,120,0,120,0,0,0,0,60,300,120,0,120,0,0,0,0,0,300,0,0,0,0,,TRUE,TRUE,,,,,,,95737,95761,97568,97582,94540,94564,97562,97586,98377,98397,96807,96823,65641,65665,72420,72444,68669,68669,837216,33104,804112,-312,4,804424,12100,8900,12104,181633,0,181633,216.9,300,600,300,23130,72,4,2,0,0,0,6,3.31,2.90,2.90,4.05,0.83,4.75,3.45,80,30,1.58,72,0,0,0,22600,14900,190400,275000,63100,0,39800,41344,157280,16778300,46536200,62160300,97034100,18978500,5131000,45638900,139633472,393206912,"""DG# 1,2,3,4,5,6,7,& 8 are available & DGs are operated as per the Cement Plant load requirement; Fuel Oil Consumption of DG#2 & DG#3 calculated on Pro Data basis (225 Gms/kWh) as Mass Flow Meters are not In operation; HFO Storage Tank #1 stock to be maintained at min 50%; Procurement of requested urgent Mech & Elect spares & tools needs to be made asap; LO stock Shell Argina S4-40 to be maintained adequately; Injector nozzle replacement for DG#1,2,4,5,&6 is overdue; Frequent DP alarms Line 1 and Line 2 feeder units - candle filters required; DG#9 under maintenance TC surging - turbocharger & Governor overhauling""","""RED:Trans loss negative(-312kWh/4%)-meter calibration fault;YLW:DG2 & DG3 fuel on Pro Data basis (MFMs non-functional);YLW:DG9 under maintenance-TC surging-overhaul pending;YLW:Injector nozzle replacement overdue DG1,DG2,DG4,DG5,DG6;YLW:DP alarms Line-1 & Line-2 feeders - candle filters required;GRN:SFC excellent(216.9 g/kWh-well below 225 target);RED:Tank1 critically low(3.31m=33%)-below 50% minimum;RED:Tank4(4.05m=41%);RED:Tank5 critically low(0.83m=8%)-critical;RED:Sludge tank at 72%-exceeds 70% disposal threshold;YLW:DG5 LO sweetening 300L;YLW:BAO902 Colony1 zero export;YLW:Tank2/Tank3 differential(2.90 vs 2.90=0.00m-within tolerance)"""
2026-05-17,24.0,14.0,24.0,24.0,12.0,24.0,24.0,22.0,0.0,0.0,10.0,0.0,0.0,12.0,0.0,0.0,2.0,0.0,0.0,0.0,0.0,0.0,0.0,0.0,0.0,0.0,24.0,0.0,0.0,0.0,0.0,0.0,0.0,0.0,0.0,0.0,4.81,4.79,4.82,4.83,4.94,4.82,4.67,4.63,,115488,67072,115648,115936,59328,115744,112032,101792,0,25751,15091,26021,25680,12694,23850,23883,22162,0,0,0,60,120,120,100,60,120,0,0,0,60,120,120,300,60,120,0,0,0,0,0,0,200,0,0,0,,TRUE,TRUE,,,,,,,95761,95785,97582,97596,94564,94588,97586,97610,98397,98409,96823,96847,65665,65689,72444,72466,68669,68669,803040,33096,769944,-564,4,770508,13000,8100,11996,175132,0,175132,218.1,580,780,200,22350,57,3,17,0,0,0,20,2.95,2.9,2.9,3.7,0.75,4.75,3.45,80,34,1.58,76,0,0,0,24100,16500,190500,283300,63800,0,41300,40800,110208,16800900,46551100,62350700,97309100,19041600,5131000,45678700,139674816,393364192,"""DG#1,2,3,4,5,6,7,&8 available & operated per cement plant load; DG#2 & DG#3 fuel on Pro Data basis (225 Gms/kWh) MFMs not in operation; HFO Tank#1 min 50%; Urgent Mech & Elect spares procurement; LO stock Argina S4-40 maintain; Injector nozzle replacement overdue DG#1,2,4,5,6; DP alarms Line1&Line2 feeders - candle filters required; DG#9 under maintenance TC surging - TC & Governor overhaul required""","""RED:Trans loss negative(-564kWh/4%)-meter calibration fault;YLW:DG2 & DG3 fuel on Pro Data basis (MFMs non-functional);YLW:DG9 under maintenance-TC surging-overhaul pending;YLW:Injector nozzle replacement overdue DG1,DG2,DG4,DG5,DG6;YLW:DP alarms Line-1 & Line-2 feeders - candle filters required;GRN:SFC excellent(218.1 g/kWh);RED:Tank1 critically low(2.95m=30%)-below 50% minimum;YLW:Tank5 critically low(0.75m=7.5%);YLW:Sludge tank at 76%-exceeds 70% disposal threshold;YLW:BAO902 Colony1 running(BAO906 zero export normal)"""
2026-05-18,22.0,24.0,22.0,24.0,7.0,22.0,24.0,24.0,0.0,2.0,0.0,2.0,0.0,17.0,2.0,0.0,0.0,0.0,0.0,0.0,0.0,0.0,0.0,0.0,0.0,0.0,24.0,0.0,0.0,0.0,0.0,0.0,0.0,0.0,0.0,0.0,5.07,5.06,5.01,5.068,4.73,5.072,4.89,4.83,,111520,121408,110240,121632,33120,111584,117472,116000,0,24909,27317,24804,26896,7236,23038,25082,25208,0,60,120,60,60,0,120,60,120,0,60,120,60,60,0,120,60,120,0,0,0,0,0,0,0,0,0,0,,TRUE,TRUE,,,,,,,95785,95807,97596,97620,94588,94610,97610,97634,98409,98416,96847,96869,65689,65713,72466,72490,68669,68669,842976,37796,805180,-580,4,805760,14900,9400,13496,184490,0,184490,218.9,600,600,0,21750,22,7,22,0,0,0,29,3.12,2.92,2.92,3.22,0.8,4.75,3.45,80,32,1.58,46,17440,4980,0,26900,18700,190000,270500,63200,0,41500,40400,154560,16825000,46567600,62541200,97592400,19105400,5131000,45720000,139715616,393474400,"""DG#1,2,3,4,5,6,7,&8 available & operated per cement plant load; DG#2 & DG#3 fuel on Pro Data basis (225 Gms/kWh) MFMs not in operation; HFO Tank#1 min 50%; Urgent Mech & Elect spares procurement; LO stock Argina S4-40 maintain; Injector nozzle replacement overdue DG#1,2,4,5,6; DP alarms Line1&Line2 feeders - candle filters required; DG#9 under maintenance TC surging - TC & Governor overhaul required; Sludge disposed 17440 kg; Used LO disposed 4980 L""","""RED:Trans loss negative(-580kWh/4%)-meter calibration fault;YLW:DG2 & DG3 fuel on Pro Data basis (MFMs non-functional);YLW:DG9 under maintenance-TC surging-overhaul pending;YLW:Injector nozzle replacement overdue DG1,DG2,DG4,DG5,DG6;YLW:DP alarms Line-1 & Line-2 feeders - candle filters required;GRN:SFC excellent(218.9 g/kWh);RED:Tank1 critically low(3.12m=31%)-below 50% minimum;YLW:Tank5 critically low(0.80m=8%);GRN:Sludge tank recovered(46%)-after 17440kg disposal;YLW:Tank2/Tank3 differential(2.92 vs 2.92=0.00m-within tolerance)"""
2026-05-19,24.0,21.0,24.0,24.0,10.0,17.0,24.0,24.0,0.0,0.0,3.0,0.0,0.0,14.0,7.0,0.0,0.0,0.0,0.0,0.0,0.0,0.0,0.0,0.0,0.0,0.0,24.0,0.0,0.0,0.0,0.0,0.0,0.0,0.0,0.0,0.0,4.94,4.91,4.948,4.96,5.02,5.11,4.788,4.71,,118528,103040,118752,118976,50176,86816,114912,113024,0,26399,23184,26719,26348,10900,17906,24533,24576,0,0,60,0,60,0,100,60,120,0,0,60,0,60,0,300,60,120,0,0,0,0,0,0,200,0,0,0,,TRUE,TRUE,,,,,,,95807,95831,97620,97641,94610,94634,97634,97658,98416,98426,96869,96886,65713,65737,72490,72514,68669,68669,824224,35196,789028,-264,4,789292,13800,8700,12696,180565,0,180565,219.1,400,600,200,21150,22,7,14,0,0,0,21,3.25,2.73,2.7,2.9,0.8,4.75,3.45,80,35,1.58,50,0,0,0,25200,17000,179700,279700,65100,0,38800,39504,144288,16851900,46586300,62731200,97862900,19168600,5131000,45761500,139756016,393628960,"""DG#1,2,3,4,5,6,7,&8 available & operated per cement plant load; DG#2 & DG#3 fuel on Pro Data basis (225 Gms/kWh) MFMs not in operation; HFO Tank#1 min 50%; Urgent Mech & Elect spares procurement; LO stock Argina S4-40 maintain; Injector nozzle replacement overdue DG#1,2,4,5,6; DP alarms Line1&Line2 feeders - candle filters required; DG#9 under maintenance TC surging - TC & Governor overhaul required""","""RED:Trans loss negative(-264kWh/4%)-meter calibration fault;YLW:DG2 & DG3 fuel on Pro Data basis (MFMs non-functional);YLW:DG9 under maintenance-TC surging-overhaul pending;YLW:Injector nozzle replacement overdue DG1,DG2,DG4,DG5,DG6;YLW:DP alarms Line-1 & Line-2 feeders - candle filters required;GRN:SFC excellent(219.1 g/kWh);RED:Tank1 critically low(3.25m=33%)-below 50% minimum;RED:Tank4 critically low(2.90m=29%)-below 30% threshold;YLW:Tank5 critically low(0.80m=8%);YLW:Sludge tank at 50%-monitor;YLW:DG6 LO sweetening 200L;YLW:Tank2/Tank3 differential(2.73 vs 2.70=0.03m-within tolerance)"""
2026-05-20,24.0,24.0,24.0,24.0,24.0,4.0,21.0,24.0,0.0,0.0,0.0,0.0,0.0,0.0,20.0,3.0,0.0,0.0,0.0,0.0,0.0,0.0,0.0,0.0,0.0,0.0,24.0,0.0,0.0,0.0,0.0,0.0,0.0,0.0,0.0,0.0,4.94,4.95,4.95,4.96,4.952,4.296,4.63,4.64,,118560,118814,118720,118976,118848,17184,97216,111392,0,26446,26733,26712,26372,25648,3610,20931,24338,0,0,60,60,60,120,60,0,0,0,300,60,60,60,120,60,300,300,0,300,0,0,0,0,0,300,300,0,,TRUE,TRUE,,,,,,,95831,95855,97641,97665,94634,94658,97658,97682,98426,98450,96886,96890,65737,65758,72514,72538,68669,68669,819710,34612,785098,-398,4,785496,14200,8400,12012,180790,0,180790,220.6,360,1260,900,19890,26,7,21,0,0,0,28,3.23,2.89,2.86,2.5,0.8,4.75,3.45,80,33,1.58,54,0,0,0,23700,16700,183600,279600,64900,0,38900,40592,137504,16877100,46603300,62910900,98142600,19233700,5131000,45800300,139795520,393773248,"""DG#1,2,3,4,5,6,7,&8 available & operated per cement plant load; DG#2 & DG#3 fuel on Pro Data basis (225 Gms/kWh) MFMs not in operation; HFO Tank#1 min 50%; Urgent Mech & Elect spares procurement; LO stock Argina S4-40 maintain; Injector nozzle replacement overdue DG#1,2,4,5,6; DP alarms Line1&Line2 feeders - candle filters required; DG#9 under maintenance TC surging - TC & Governor overhaul required""","""RED:Trans loss negative(-398kWh/4%)-meter calibration fault;YLW:DG2 & DG3 fuel on Pro Data basis (MFMs non-functional);YLW:DG9 under maintenance-TC surging-overhaul pending;YLW:Injector nozzle replacement overdue DG1,DG2,DG4,DG5,DG6;YLW:DP alarms Line-1 & Line-2 feeders - candle filters required;GRN:SFC excellent(220.6 g/kWh);RED:Tank1 critically low(3.23m=32%)-below 50% minimum;RED:Tank4 critically low(2.50m=25%)-below 30% threshold;YLW:Tank5 critically low(0.80m=8%);YLW:Sludge tank at 54%-monitor;YLW:DG1 LO sweetening 300L;YLW:DG7 LO sweetening 300L;YLW:DG8 LO sweetening 300L;YLW:Tank2/Tank3 differential(2.89 vs 2.86=0.03m-within tolerance)"""
2026-05-21,24.0,24.0,24.0,24.0,14.0,19.0,24.0,17.0,0.0,0.0,0.0,0.0,0.0,10.0,5.0,0.0,7.0,0.0,0.0,0.0,0.0,0.0,0.0,0.0,0.0,0.0,24.0,0.0,0.0,0.0,0.0,0.0,0.0,0.0,0.0,0.0,4.98,4.99,4.98,4.99,4.77,5.02,4.82,4.54,,119424,119650,119616,119872,66784,95296,115776,77184,0,26571,26921,26914,26476,14352,19636,24657,16762,0,60,0,0,60,60,0,60,0,0,60,300,300,60,60,300,60,0,0,0,300,300,0,0,300,0,0,0,,TRUE,TRUE,,,,,,,95855,95879,97665,97689,94658,94682,97682,97706,98450,98464,96890,96909,65758,65782,72538,72555,68669,68669,833602,31804,801798,-166,4,801964,12900,8000,10904,182289,0,182289,218.7,240,1140,900,18750,30,10,0,0,17,0,27,3.50,2.12,2.17,2.78,0.80,4.75,3.45,80,29,1.57,57,0,0,0,25400,14400,195400,280100,65500,0,44300,41088,135776,16900800,46620000,63094500,98422200,19298600,5131000,45839200,139836112,393910752,"""DG2 & DG3 fuel on Pro Data basis (225 Gms/kWh); HFO Tank#1 below 50% minimum; Frequent DP alarms Line-1 & Line-2 candle filters; DG9 under maintenance - TC surging, turbocharger & governor overhaul required; Injector nozzle replacement overdue""","""NEGATIVE_TRANS_LOSS; DG2_PRO_DATA; DG3_PRO_DATA; DG9_MAINTENANCE; TANK1_BELOW_50PCT; SLUDGE_HIGH_57PCT; DP_ALARMS_L1_L2"""
2026-05-22,24.0,24.0,24.0,24.0,0.0,24.0,24.0,24.0,0.0,0.0,0.0,0.0,0.0,24.0,0.0,0.0,0.0,0.0,0.0,0.0,0.0,0.0,0.0,0.0,0.0,0.0,24.0,0.0,0.0,0.0,0.0,0.0,0.0,0.0,0.0,0.0,5.00,5.01,5.01,5.02,,5.01,4.85,4.79,,120000,120224,120160,120480,0,120224,116352,114912,0,26707,27050,27036,26632,0,24768,24833,24940,0,0,60,60,120,0,60,60,120,0,0,60,60,120,0,60,60,120,0,0,0,0,0,0,0,0,0,0,,TRUE,TRUE,,,,,,,95879,95903,97689,97713,94682,94706,97706,97730,98464,98464,96909,96933,65782,65806,72555,72579,68669,68669,832352,32600,799752,-648,4,800400,13400,7300,11900,181966,0,181966,218.6,480,480,0,18270,30,10,0,0,15,0,25,3.71,1.48,1.48,2.95,0.80,4.75,3.45,80,31,1.57,60,0,0,0,24700,14700,173200,280100,64900,0,48400,40192,154208,16926200,46634400,63289900,98702300,19364100,5131000,45883500,139877200,394046528,"""DG2 & DG3 fuel on Pro Data basis (225 Gms/kWh); HFO Tank#1 below 50% minimum; DG9 under maintenance - TC surging, turbocharger & governor overhaul required; Injector nozzle replacement overdue; Sludge tank at 60%""","""NEGATIVE_TRANS_LOSS; DG2_PRO_DATA; DG3_PRO_DATA; DG9_MAINTENANCE; TANK1_BELOW_50PCT; SLUDGE_60PCT"""
2026-05-23,21.0,24.0,13.0,17.0,7.0,8.0,24.0,24.0,0.0,3.0,0.0,11.0,7.0,17.0,16.0,0.0,0.0,0.0,0.0,0.0,0.0,0.0,0.0,0.0,0.0,0.0,24.0,0.0,0.0,0.0,0.0,0.0,0.0,0.0,0.0,0.0,4.29,4.11,3.85,4.48,4.22,5.14,3.98,3.92,,90176,98592,50016,76160,29536,41120,95488,94080,0,20683,22183,11254,17142,6584,8472,21102,21108,0,60,60,60,60,120,60,60,60,0,60,60,60,60,120,60,60,60,0,0,0,0,0,0,0,0,0,0,,TRUE,TRUE,,,,,,,95903,95924,97713,97737,94706,94719,97730,97747,98464,98471,96933,96941,65806,65830,72579,72603,68669,68669,575168,30416,544752,-52,5,544804,12100,6200,12116,128528,0,128528,223.5,540,540,0,17730,30,0,0,0,23,0,23,3.39,1.25,1.25,3.6,0.8,4.75,3.45,80,30,1.57,63,0,0,0,16800,14800,146700,105700,32500,0,62400,39408,126496,16950900,46649100,63463100,98982400,19429000,5131000,45931900,139917392,394200736,"""DG#1,2,3,4,5,6,7,&8 available & DGs operated as per Cement Plant load requirement; Fuel Oil Consumption of DG#2 & DG#3 calculated on Pro Data basis (225 Gms/kWh) as MFMs not in operation; HFO Storage Tank#1 stock to be maintained at min 50%; Procurement of urgent Mech & Elect spares & tools needs to be made asap; LO stock Shell Argina S4-40 to be maintained adequately; Injector nozzle replacement for DG#1,2,4,5,&6 is overdue; Frequent DP alarms Line 1 & Line 2 feeder units urgent candle filter procurement; DG#9 under maintenance TC surging needs turbocharger & Governor overhauling""","""RED:Trans loss negative(-52kWh/5%)-meter calibration fault;YLW:DG2 & DG3 fuel on Pro Data basis (MFMs non-functional);YLW:DG9 under maintenance-TC surging-overhaul pending;YLW:Injector nozzle replacement overdue DG1,DG2,DG4,DG5,DG6;YLW:DP alarms Line-1 & Line-2 feeders - candle filters required;GRN:SFC excellent(223.5 g/kWh-well below 225 target);RED:Tank1 critically low(3.39m=34%)-below 50% minimum;YLW:Tank4 low(3.60m=36%)-approaching 30% threshold;YLW:Tank5 critically low(0.80m=8%);YLW:Tank2/Tank3 level equal(1.25 vs 1.25-within tolerance)"""
2026-05-24,16.0,24.0,24.0,0.0,0.0,0.0,24.0,24.0,0.0,8.0,0.0,0.0,24.0,24.0,24.0,0.0,0.0,0.0,0.0,0.0,0.0,0.0,0.0,0.0,0.0,0.0,24.0,0.0,0.0,0.0,0.0,0.0,0.0,0.0,0.0,0.0,3.82,3.49,3.49,,,,3.38,3.33,,61120,83808,83744,0,0,0,81216,79872,0,14342,18857,18842,0,0,0,18508,18476,0,60,60,60,0,0,0,60,0,0,60,60,60,0,0,0,60,300,0,0,0,0,0,0,0,0,300,0,,TRUE,TRUE,,,,,,,95924,95940,97737,97761,94719,94743,97747,97747,98471,98471,96941,96941,65830,65854,72603,72627,68669,68669,389760,28572,361188,-276,7,361464,13400,3300,11872,89025,0,89025,228.4,240,540,300,17190,32,17,0,0,0,0,17,4.5,1.23,1.2,3.2,0.8,4.75,3.45,80,32,1.57,67,0,0,0,11200,13300,119100,14500,4100,0,47600,38544,113120,16967700,46663900,63609800,99088100,19461500,5131000,45994300,139956800,394327232,"""DG#1,2,3,4,5,6,7,&8 available & DGs operated as per Cement Plant load requirement; Fuel Oil Consumption of DG#2 & DG#3 calculated on Pro Data basis (225 Gms/kWh) as MFMs not in operation; HFO Storage Tank#1 stock to be maintained at min 50%; Procurement of urgent Mech & Elect spares & tools needs to be made asap; LO stock Shell Argina S4-40 to be maintained adequately; Injector nozzle replacement for DG#1,2,4,5,&6 is overdue; Frequent DP alarms Line 1 & Line 2 feeder units urgent candle filter procurement; DG#9 under maintenance TC surging needs turbocharger & Governor overhauling""","""RED:Trans loss negative(-276kWh/7%)-meter calibration fault;YLW:DG2 & DG3 fuel on Pro Data basis (MFMs non-functional);YLW:DG9 under maintenance-TC surging-overhaul pending;YLW:Injector nozzle replacement overdue DG1,DG2,DG4,DG5,DG6;YLW:DP alarms Line-1 & Line-2 feeders - candle filters required;GRN:SFC excellent(228.4 g/kWh-well below 225 target);RED:Tank1 below 50% minimum(4.50m=45%);YLW:Tank4 low(3.20m=32%)-approaching 30% threshold;YLW:Tank5 critically low(0.80m=8%);YLW:DG8 LO sweetening 300L;YLW:Tank2/Tank3 differential(1.23 vs 1.20=0.03m-within tolerance)"""
2026-05-25,0.0,14.0,24.0,0.0,0.0,0.0,19.0,24.0,0.0,24.0,10.0,0.0,24.0,24.0,24.0,5.0,0.0,0.0,0.0,0.0,0.0,0.0,0.0,0.0,0.0,0.0,24.0,0.0,0.0,0.0,0.0,0.0,0.0,0.0,0.0,0.0,,3.49,3.83,,,,3.46,3.65,,0,48832,91936,32,0,0,65760,87680,0,0,10987,20686,24,0,0,14874,19944,0,0,60,60,0,0,0,0,60,0,0,60,60,0,0,0,300,60,0,0,0,0,0,0,0,300,0,0,,TRUE,TRUE,,,,,,,95940,95940,97761,97775,94743,94767,97747,97747,98471,98471,96941,96941,65854,65873,72627,72651,68669,68669,294240,26032,268208,-524,9,268732,11400,2900,11732,66515,0,66515,226.1,180,480,300,16710,33,26,0,0,4,0,30,6.12,1.29,1.22,3.0,0.8,4.75,3.45,80,30,1.57,70,0,0,0,14800,14000,26300,14400,2000,0,2000,39584,155648,16978900,46677200,63728900,99102600,19465600,5131000,46041900,139995344,394440352,"""DG#1,2,3,4,5,6,7,&8 available & DGs operated as per Cement Plant load requirement; Fuel Oil Consumption of DG#2 & DG#3 calculated on Pro Data basis (225 Gms/kWh) as MFMs not in operation; HFO Storage Tank#1 stock to be maintained at min 50%; Procurement of urgent Mech & Elect spares & tools needs to be made asap; LO stock Shell Argina S4-40 to be maintained adequately; DG#9 under maintenance TC surging-turbocharger & Governor overhauling required""","""RED:Trans loss negative(-524kWh/9%)-meter calibration fault;YLW:DG2 & DG3 fuel on Pro Data basis (MFMs non-functional);YLW:DG9 under maintenance-TC surging-overhaul pending;YLW:Injector nozzle replacement overdue DG1,DG2,DG4,DG5,DG6;YLW:DP alarms Line-1 & Line-2 feeders - candle filters required;YLW:SFC above target(226.1 g/kWh-exceeds 225 target);GRN:Tank1 replenished(6.12m=61%)-above 50% threshold;YLW:Tank4 at 30% threshold(3.00m=30%)-critical;YLW:Tank5 critically low(0.80m=8%);YLW:Sludge tank at 70%-disposal required;YLW:DG7 LO sweetening 300L;YLW:Tank2/Tank3 differential(1.29 vs 1.22=0.07m-within tolerance)"""
2026-05-26,0,1,24,0,0,0,24,24,0,24,23,0,24,24,24,0,0,0,0,0,0,0,0,0,0,0,24,0,0,0,0,0,0,0,0,0,,0.928,3.8893333333333335,,,,3.7693333333333334,3.7093333333333334,,0,928,93344,0,0,0,90464,89024,0,0,209,21002,0,0,0,20223,20204,0,0,0,0,0,0,0,60,60,0,0,0,300,0,0,0,60,60,0,0,0,300,0,0,0,0,0,0,,TRUE,TRUE,,,,,,,95940,95940,97775,97776,94767,94791,97747,97747,98471,98471,96941,96941,65873,65897,72651,72675,68669,68669,273760,26064,247696,-276,9.52,247972,10600,2700,12764,61638.2,0,61638.2,225.2,120,420,300,16290,35,0,0,0,21,0,21,6,1.29,1.22,3.52,0.8,4.75,3.45,80,31,1.57,73,0,0,0,13300,14700,23600,12200,2000,0,1900,38544,141728,16993700,46691200,63755200,99117000,19467600,5131000,46043900,140034928,394596000,"1. DG# 1,2,3,4,5,6,7,& 8 are available & DGs are operated as per the Cement Plant load requirement.;2. Fuel Oil Consumption of DG#2 & DG#3 calculated on Pro Data basis (225 Gms/kWh) as Mass Flow Meters are not In operation.;3. HFO Storage Tank #1 stock to be maintained at min 50%.;4. Procurement of requested urgent Mech & Elect spares & tools needs to be made asap to facilitate smooth power plant operation.;5. The lubricating oil stock  Shell Argina S4-40 for engines should be maintained adequately  all the time for smooth PP operation;6. DG#9- under maitenance due to turbocharger surging. Need turbocharger & Governor overhauling.;SLUDGE TANK LEVEL (%)","RED:Trans loss negative(-276kWh/9.52%)-meter calibration fault;YLW:DG2 & DG3 fuel on Pro Data basis (MFMs non-functional);YLW:DG9 under maintenance-TC surging-overhaul pending;YLW:Injector nozzle replacement overdue DG1,DG2,DG4,DG5,DG6;YLW:DP alarms Line-1 & Line-2 feeders - candle filters required;YLW:SFC above target(225.2 g/kWh-exceeds 225 target);GRN:Tank1 OK(6m=60%);YLW:Tank5 critically low(0.8m=8%);YLW:Sludge tank at 73%-disposal required;YLW:Tank2/Tank3 differential(1.29 vs 1.22=0.07m-within tolerance)"
2026-05-27,0,0,24,0,0,0,24,24,0,24,24,0,24,24,24,0,0,0,0,0,0,0,0,0,0,0,24,0,0,0,0,0,0,0,0,0,,,3.998666666666667,,,,3.8733333333333335,3.8133333333333335,,0,0,95968,0,0,0,92960,91520,0,0,0,21593,0,0,0,20725,20712,0,0,0,60,0,0,0,60,60,0,0,0,60,0,0,0,60,60,0,0,0,0,0,0,0,0,0,0,,TRUE,TRUE,,,,,,,95940,95940,97776,97776,94791,94815,97747,97747,98471,98471,96941,96941,65897,65921,72675,72699,68669,68669,280448,27600,252848,-584,9.84,253432,11300,3000,13300,63029.8,0,63029.8,224.7,180,180,0,16110,35,0,0,0,13,0,13,5.85,1.29,1.22,3.7,0.8,4.75,3.45,80,31,1.57,75,0,0,0,5700,16000,20500,12100,2100,0,2200,38640,156192,17007000,46705900,63778800,99129200,19469600,5131000,46045800,140073472,394737728,"1. DG# 1,2,3,4,5,6,7,& 8 are available & DGs are operated as per the Cement Plant load requirement.;2. Fuel Oil Consumption of DG#2 & DG#3 calculated on Pro Data basis (225 Gms/kWh) as Mass Flow Meters are not In operation.;3. HFO Storage Tank #1 stock to be maintained at min 50%.;4. Procurement of requested urgent Mech & Elect spares & tools needs to be made asap to facilitate smooth power plant operation.;5. The lubricating oil stock  Shell Argina S4-40 for engines should be maintained adequately  all the time for smooth PP operation;6. DG#9- under maitenance due to turbocharger surging. Need turbocharger & Governor overhauling.;SLUDGE TANK LEVEL (%)","RED:Trans loss negative(-584kWh/9.84%)-meter calibration fault;YLW:DG2 & DG3 fuel on Pro Data basis (MFMs non-functional);YLW:DG9 under maintenance-TC surging-overhaul pending;YLW:Injector nozzle replacement overdue DG1,DG2,DG4,DG5,DG6;YLW:DP alarms Line-1 & Line-2 feeders - candle filters required;GRN:SFC excellent(224.7 g/kWh-well below 225 target);GRN:Tank1 OK(5.85m=59%);YLW:Tank5 critically low(0.8m=8%);YLW:Sludge tank at 75%-disposal required;YLW:Tank2/Tank3 differential(1.29 vs 1.22=0.07m-within tolerance)"
2026-05-28,0,0,24,0,0,0,24,24,0,24,24,0,24,24,24,0,0,0,0,0,0,0,0,0,0,0,24,0,0,0,0,0,0,0,0,0,,,3.974666666666667,,,,3.852,3.792,,0,0,95392,0,0,0,92448,91008,0,0,0,21463,0,0,0,20599,20588,0,0,0,60,0,0,0,60,60,0,0,0,60,0,0,0,60,60,0,0,0,0,0,0,0,0,0,0,,TRUE,TRUE,,,,,,,95940,95940,97776,97776,94815,94839,97747,97747,98471,98471,96941,96941,65921,65945,72699,72723,68669,68669,278848,25804,253044,-488,9.25,253532,10500,2600,12704,62650.2,0,62650.2,224.7,180,180,0,15930,35,0,0,0,23,0,23,5.66,1.29,1.22,4.22,0.8,4.75,3.45,80,30,1.57,77,0,0,0,9600,15400,19100,13000,2200,0,2200,38624,153408,17012700,46721900,63799300,99141300,19471700,5131000,46048000,140112112,394893920,"1. DG# 1,2,3,4,5,6,7,& 8 are available & DGs are operated as per the Cement Plant load requirement.;2. Fuel Oil Consumption of DG#2 & DG#3 calculated on Pro Data basis (225 Gms/kWh) as Mass Flow Meters are not In operation.;3. HFO Storage Tank #1 stock to be maintained at min 50%.;4. Procurement of requested urgent Mech & Elect spares & tools needs to be made asap to facilitate smooth power plant operation.;5. The lubricating oil stock  Shell Argina S4-40 for engines should be maintained adequately  all the time for smooth PP operation;6. DG#9- under maitenance due to turbocharger surging. Need turbocharger & Governor overhauling.;SLUDGE TANK LEVEL (%)","RED:Trans loss negative(-488kWh/9.25%)-meter calibration fault;YLW:DG2 & DG3 fuel on Pro Data basis (MFMs non-functional);YLW:DG9 under maintenance-TC surging-overhaul pending;YLW:Injector nozzle replacement overdue DG1,DG2,DG4,DG5,DG6;YLW:DP alarms Line-1 & Line-2 feeders - candle filters required;GRN:SFC excellent(224.7 g/kWh-well below 225 target);GRN:Tank1 OK(5.66m=57%);YLW:Tank5 critically low(0.8m=8%);YLW:Sludge tank at 77%-disposal required;YLW:Tank2/Tank3 differential(1.29 vs 1.22=0.07m-within tolerance)"
2026-05-29,0,0,24,0,0,0,24,24,0,24,24,0,24,24,24,0,0,0,0,0,0,0,0,0,0,0,24,0,0,0,0,0,0,0,0,0,,,3.8346666666666667,,,,3.716,3.6573333333333333,,0,0,92032,0,0,0,89184,87776,0,0,0,20707,0,0,0,19958,19952,0,0,0,0,0,0,0,0,0,0,0,0,0,0,0,0,0,300,0,0,0,0,0,0,0,0,300,0,,TRUE,TRUE,,,,,,,95940,95940,97776,97776,94839,94863,97747,97747,98471,98471,96941,96941,65945,65969,72723,72747,68669,68669,268992,25752,243240,-672,9.57,243912,11100,2700,11952,60617.2,0,60617.2,225.3,0,300,300,15630,37,0,0,0,23,0,23,5.49,1.29,1.22,4.65,0.8,4.75,3.45,80,34,1.56,82,0,0,0,9900,14100,18500,11500,2000,0,1800,38368,147744,17022300,46737300,63818400,99154300,19473900,5131000,46050200,140150736,395047328,"1. DG# 1,2,3,4,5,6,7,& 8 are available & DGs are operated as per the Cement Plant load requirement.;2. Fuel Oil Consumption of DG#2 & DG#3 calculated on Pro Data basis (225 Gms/kWh) as Mass Flow Meters are not In operation.;3. HFO Storage Tank #1 stock to be maintained at min 50%.;4. Procurement of requested urgent Mech & Elect spares & tools needs to be made asap to facilitate smooth power plant operation.;5. The lubricating oil stock  Shell Argina S4-40 for engines should be maintained adequately  all the time for smooth PP operation;6. DG#9- under maitenance due to turbocharger surging. Need turbocharger & Governor overhauling.;SLUDGE TANK LEVEL (%)","RED:Trans loss negative(-672kWh/9.57%)-meter calibration fault;YLW:DG2 & DG3 fuel on Pro Data basis (MFMs non-functional);YLW:DG9 under maintenance-TC surging-overhaul pending;YLW:Injector nozzle replacement overdue DG1,DG2,DG4,DG5,DG6;YLW:DP alarms Line-1 & Line-2 feeders - candle filters required;YLW:SFC above target(225.3 g/kWh-exceeds 225 target);GRN:Tank1 OK(5.49m=55%);YLW:Tank5 critically low(0.8m=8%);YLW:Sludge tank at 82%-disposal required;YLW:Tank2/Tank3 differential(1.29 vs 1.22=0.07m-within tolerance)"